name,team,role,location,manager
Ava Patel,Platform,Platform Engineer,NYC,Jordan Lee
Liam Kim,Security,Security Analyst,SF,Elena Gomez
Sophia Anderson,HR,HR Manager,Remote,Daniela Ruiz
Noah Thompson,Support,Support Lead,Chicago,Maya Clark
Mia Robinson,Data,Data Specialist,Austin,Ken Adams
Ethan Torres,Product,Product Coordinator,Denver,Ava Brooks
Isabella Baker,Sales,Sales Partner,Boston,Susan Park
Lucas Gomez,Design,Design Director,Seattle,Noah Kim
Amelia Lopez,Legal,Legal Engineer,Miami,Samira Khan
Mason Taylor,Finance,Finance Analyst,London,Ivy Chen
Harper Perez,IT,IT Manager,NYC,Jordan Lee
Logan Lewis,Platform,Platform Lead,SF,Elena Gomez
Evelyn Scott,Security,Security Specialist,Remote,Daniela Ruiz
Elijah Nelson,HR,HR Coordinator,Chicago,Maya Clark
Charlotte Roberts,Support,Support Partner,Austin,Ken Adams
James Brown,Data,Data Director,Denver,Ava Brooks
Luna Hernandez,Product,Product Engineer,Boston,Susan Park
Benjamin Lee,Sales,Sales Analyst,Seattle,Noah Kim
Aria Ramirez,Design,Design Manager,Miami,Samira Khan
Henry Wright,Legal,Legal Lead,London,Ivy Chen
Ella Adams,Finance,Finance Specialist,NYC,Jordan Lee
Alexander Carter,IT,IT Coordinator,SF,Elena Gomez
Scarlett Nguyen,Platform,Platform Partner,Remote,Daniela Ruiz
Sebastian Davis,Security,Security Director,Chicago,Maya Clark
Grace Martin,HR,HR Engineer,Austin,Ken Adams
Jack Clark,Support,Support Analyst,Denver,Ava Brooks
Chloe King,Data,Data Manager,Boston,Susan Park
Owen Green,Product,Product Lead,Seattle,Noah Kim
Riley Mitchell,Sales,Sales Specialist,Miami,Samira Khan
Wyatt Garcia,Design,Design Coordinator,London,Ivy Chen
Zoey Martinez,Legal,Legal Partner,NYC,Jordan Lee
Luke Jackson,Finance,Finance Director,SF,Elena Gomez
Nora Sanchez,IT,IT Engineer,Remote,Daniela Ruiz
Jayden Allen,Platform,Platform Analyst,Chicago,Maya Clark
Hazel Flores,Security,Security Manager,Austin,Ken Adams
Levi Campbell,HR,HR Lead,Denver,Ava Brooks
Aurora Singh,Support,Support Specialist,Boston,Susan Park
Isaac Johnson,Data,Data Coordinator,Seattle,Noah Kim
Lily Moore,Product,Product Partner,Miami,Samira Khan
Gabriel Harris,Sales,Sales Director,London,Ivy Chen
Violet Young,Design,Design Engineer,NYC,Jordan Lee
Julian Hill,Legal,Legal Analyst,SF,Elena Gomez
Penelope Rivera,Finance,Finance Manager,Remote,Daniela Ruiz
Mateo Chen,IT,IT Lead,Chicago,Maya Clark
Stella Williams,Platform,Platform Specialist,Austin,Ken Adams
David Thomas,Security,Security Coordinator,Denver,Ava Brooks
Ellie White,HR,HR Partner,Boston,Susan Park
Leo Walker,Support,Support Director,Seattle,Noah Kim
Hannah Ng,Data,Data Engineer,Miami,Samira Khan
Carter Hall,Product,Product Analyst,London,Ivy Chen
Ava Patel,Sales,Sales Manager,NYC,Jordan Lee
Liam Kim,Design,Design Lead,SF,Elena Gomez
Sophia Anderson,Legal,Legal Specialist,Remote,Daniela Ruiz
Noah Thompson,Finance,Finance Coordinator,Chicago,Maya Clark
Mia Robinson,IT,IT Partner,Austin,Ken Adams
Ethan Torres,Platform,Platform Director,Denver,Ava Brooks
Isabella Baker,Security,Security Engineer,Boston,Susan Park
Lucas Gomez,HR,HR Analyst,Seattle,Noah Kim
Amelia Lopez,Support,Support Manager,Miami,Samira Khan
Mason Taylor,Data,Data Lead,London,Ivy Chen
Harper Perez,Product,Product Specialist,NYC,Jordan Lee
Logan Lewis,Sales,Sales Coordinator,SF,Elena Gomez
Evelyn Scott,Design,Design Partner,Remote,Daniela Ruiz
Elijah Nelson,Legal,Legal Director,Chicago,Maya Clark
Charlotte Roberts,Finance,Finance Engineer,Austin,Ken Adams
James Brown,IT,IT Analyst,Denver,Ava Brooks
Luna Hernandez,Platform,Platform Manager,Boston,Susan Park
Benjamin Lee,Security,Security Lead,Seattle,Noah Kim
Aria Ramirez,HR,HR Specialist,Miami,Samira Khan
Henry Wright,Support,Support Coordinator,London,Ivy Chen
Ella Adams,Data,Data Partner,NYC,Jordan Lee
Alexander Carter,Product,Product Director,SF,Elena Gomez
Scarlett Nguyen,Sales,Sales Engineer,Remote,Daniela Ruiz
Sebastian Davis,Design,Design Analyst,Chicago,Maya Clark
Grace Martin,Legal,Legal Manager,Austin,Ken Adams
Jack Clark,Finance,Finance Lead,Denver,Ava Brooks
Chloe King,IT,IT Specialist,Boston,Susan Park
Owen Green,Platform,Platform Coordinator,Seattle,Noah Kim
Riley Mitchell,Security,Security Partner,Miami,Samira Khan
Wyatt Garcia,HR,HR Director,London,Ivy Chen
Zoey Martinez,Support,Support Engineer,NYC,Jordan Lee
Luke Jackson,Data,Data Analyst,SF,Elena Gomez
Nora Sanchez,Product,Product Manager,Remote,Daniela Ruiz
Jayden Allen,Sales,Sales Lead,Chicago,Maya Clark
Hazel Flores,Design,Design Specialist,Austin,Ken Adams
Levi Campbell,Legal,Legal Coordinator,Denver,Ava Brooks
Aurora Singh,Finance,Finance Partner,Boston,Susan Park
Isaac Johnson,IT,IT Director,Seattle,Noah Kim
Lily Moore,Platform,Platform Engineer,Miami,Samira Khan
Gabriel Harris,Security,Security Analyst,London,Ivy Chen
Violet Young,HR,HR Manager,NYC,Jordan Lee
Julian Hill,Support,Support Lead,SF,Elena Gomez
Penelope Rivera,Data,Data Specialist,Remote,Daniela Ruiz
Mateo Chen,Product,Product Coordinator,Chicago,Maya Clark
Stella Williams,Sales,Sales Partner,Austin,Ken Adams
David Thomas,Design,Design Director,Denver,Ava Brooks
Ellie White,Legal,Legal Engineer,Boston,Susan Park
Leo Walker,Finance,Finance Analyst,Seattle,Noah Kim
Hannah Ng,IT,IT Manager,Miami,Samira Khan
Carter Hall,Platform,Platform Lead,London,Ivy Chen
Ava Patel,Security,Security Specialist,NYC,Jordan Lee
Liam Kim,HR,HR Coordinator,SF,Elena Gomez
Sophia Anderson,Support,Support Partner,Remote,Daniela Ruiz
Noah Thompson,Data,Data Director,Chicago,Maya Clark
Mia Robinson,Product,Product Engineer,Austin,Ken Adams
Ethan Torres,Sales,Sales Analyst,Denver,Ava Brooks
Isabella Baker,Design,Design Manager,Boston,Susan Park
Lucas Gomez,Legal,Legal Lead,Seattle,Noah Kim
Amelia Lopez,Finance,Finance Specialist,Miami,Samira Khan
Mason Taylor,IT,IT Coordinator,London,Ivy Chen
Harper Perez,Platform,Platform Partner,NYC,Jordan Lee
Logan Lewis,Security,Security Director,SF,Elena Gomez
Evelyn Scott,HR,HR Engineer,Remote,Daniela Ruiz
Elijah Nelson,Support,Support Analyst,Chicago,Maya Clark
Charlotte Roberts,Data,Data Manager,Austin,Ken Adams
James Brown,Product,Product Lead,Denver,Ava Brooks
Luna Hernandez,Sales,Sales Specialist,Boston,Susan Park
Benjamin Lee,Design,Design Coordinator,Seattle,Noah Kim
Aria Ramirez,Legal,Legal Partner,Miami,Samira Khan
Henry Wright,Finance,Finance Director,London,Ivy Chen
Ella Adams,IT,IT Engineer,NYC,Jordan Lee
Alexander Carter,Platform,Platform Analyst,SF,Elena Gomez
Scarlett Nguyen,Security,Security Manager,Remote,Daniela Ruiz
Sebastian Davis,HR,HR Lead,Chicago,Maya Clark
Grace Martin,Support,Support Specialist,Austin,Ken Adams
Jack Clark,Data,Data Coordinator,Denver,Ava Brooks
Chloe King,Product,Product Partner,Boston,Susan Park
Owen Green,Sales,Sales Director,Seattle,Noah Kim
Riley Mitchell,Design,Design Engineer,Miami,Samira Khan
Wyatt Garcia,Legal,Legal Analyst,London,Ivy Chen
Zoey Martinez,Finance,Finance Manager,NYC,Jordan Lee
Luke Jackson,IT,IT Lead,SF,Elena Gomez
Nora Sanchez,Platform,Platform Specialist,Remote,Daniela Ruiz
Jayden Allen,Security,Security Coordinator,Chicago,Maya Clark
Hazel Flores,HR,HR Partner,Austin,Ken Adams
Levi Campbell,Support,Support Director,Denver,Ava Brooks
Aurora Singh,Data,Data Engineer,Boston,Susan Park
Isaac Johnson,Product,Product Analyst,Seattle,Noah Kim
Lily Moore,Sales,Sales Manager,Miami,Samira Khan
Gabriel Harris,Design,Design Lead,London,Ivy Chen
Violet Young,Legal,Legal Specialist,NYC,Jordan Lee
Julian Hill,Finance,Finance Coordinator,SF,Elena Gomez
Penelope Rivera,IT,IT Partner,Remote,Daniela Ruiz
Mateo Chen,Platform,Platform Director,Chicago,Maya Clark
Stella Williams,Security,Security Engineer,Austin,Ken Adams
David Thomas,HR,HR Analyst,Denver,Ava Brooks
Ellie White,Support,Support Manager,Boston,Susan Park
Leo Walker,Data,Data Lead,Seattle,Noah Kim
Hannah Ng,Product,Product Specialist,Miami,Samira Khan
Carter Hall,Sales,Sales Coordinator,London,Ivy Chen
Ava Patel,Design,Design Partner,NYC,Jordan Lee
Liam Kim,Legal,Legal Director,SF,Elena Gomez
Sophia Anderson,Finance,Finance Engineer,Remote,Daniela Ruiz
Noah Thompson,IT,IT Analyst,Chicago,Maya Clark
Mia Robinson,Platform,Platform Manager,Austin,Ken Adams
Ethan Torres,Security,Security Lead,Denver,Ava Brooks
Isabella Baker,HR,HR Specialist,Boston,Susan Park
Lucas Gomez,Support,Support Coordinator,Seattle,Noah Kim
Amelia Lopez,Data,Data Partner,Miami,Samira Khan
Mason Taylor,Product,Product Director,London,Ivy Chen
Harper Perez,Sales,Sales Engineer,NYC,Jordan Lee
Logan Lewis,Design,Design Analyst,SF,Elena Gomez
Evelyn Scott,Legal,Legal Manager,Remote,Daniela Ruiz
Elijah Nelson,Finance,Finance Lead,Chicago,Maya Clark
Charlotte Roberts,IT,IT Specialist,Austin,Ken Adams
James Brown,Platform,Platform Coordinator,Denver,Ava Brooks
Luna Hernandez,Security,Security Partner,Boston,Susan Park
Benjamin Lee,HR,HR Director,Seattle,Noah Kim
Aria Ramirez,Support,Support Engineer,Miami,Samira Khan
Henry Wright,Data,Data Analyst,London,Ivy Chen
Ella Adams,Product,Product Manager,NYC,Jordan Lee
Alexander Carter,Sales,Sales Lead,SF,Elena Gomez
Scarlett Nguyen,Design,Design Specialist,Remote,Daniela Ruiz
Sebastian Davis,Legal,Legal Coordinator,Chicago,Maya Clark
Grace Martin,Finance,Finance Partner,Austin,Ken Adams
Jack Clark,IT,IT Director,Denver,Ava Brooks
Chloe King,Platform,Platform Engineer,Boston,Susan Park
Owen Green,Security,Security Analyst,Seattle,Noah Kim
Riley Mitchell,HR,HR Manager,Miami,Samira Khan
Wyatt Garcia,Support,Support Lead,London,Ivy Chen
Zoey Martinez,Data,Data Specialist,NYC,Jordan Lee
Luke Jackson,Product,Product Coordinator,SF,Elena Gomez
Nora Sanchez,Sales,Sales Partner,Remote,Daniela Ruiz
Jayden Allen,Design,Design Director,Chicago,Maya Clark
Hazel Flores,Legal,Legal Engineer,Austin,Ken Adams
Levi Campbell,Finance,Finance Analyst,Denver,Ava Brooks
Aurora Singh,IT,IT Manager,Boston,Susan Park
Isaac Johnson,Platform,Platform Lead,Seattle,Noah Kim
Lily Moore,Security,Security Specialist,Miami,Samira Khan
Gabriel Harris,HR,HR Coordinator,London,Ivy Chen
Violet Young,Support,Support Partner,NYC,Jordan Lee
Julian Hill,Data,Data Director,SF,Elena Gomez
Penelope Rivera,Product,Product Engineer,Remote,Daniela Ruiz
Mateo Chen,Sales,Sales Analyst,Chicago,Maya Clark
Stella Williams,Design,Design Manager,Austin,Ken Adams
David Thomas,Legal,Legal Lead,Denver,Ava Brooks
Ellie White,Finance,Finance Specialist,Boston,Susan Park
Leo Walker,IT,IT Coordinator,Seattle,Noah Kim
Hannah Ng,Platform,Platform Partner,Miami,Samira Khan
Carter Hall,Security,Security Director,London,Ivy Chen
Ava Patel,HR,HR Engineer,NYC,Jordan Lee
Liam Kim,Support,Support Analyst,SF,Elena Gomez
Sophia Anderson,Data,Data Manager,Remote,Daniela Ruiz
Noah Thompson,Product,Product Lead,Chicago,Maya Clark
Mia Robinson,Sales,Sales Specialist,Austin,Ken Adams
Ethan Torres,Design,Design Coordinator,Denver,Ava Brooks
Isabella Baker,Legal,Legal Partner,Boston,Susan Park
Lucas Gomez,Finance,Finance Director,Seattle,Noah Kim
Amelia Lopez,IT,IT Engineer,Miami,Samira Khan
Mason Taylor,Platform,Platform Analyst,London,Ivy Chen
Harper Perez,Security,Security Manager,NYC,Jordan Lee
Logan Lewis,HR,HR Lead,SF,Elena Gomez
Evelyn Scott,Support,Support Specialist,Remote,Daniela Ruiz
Elijah Nelson,Data,Data Coordinator,Chicago,Maya Clark
Charlotte Roberts,Product,Product Partner,Austin,Ken Adams
James Brown,Sales,Sales Director,Denver,Ava Brooks
Luna Hernandez,Design,Design Engineer,Boston,Susan Park
Benjamin Lee,Legal,Legal Analyst,Seattle,Noah Kim
Aria Ramirez,Finance,Finance Manager,Miami,Samira Khan
Henry Wright,IT,IT Lead,London,Ivy Chen
Ella Adams,Platform,Platform Specialist,NYC,Jordan Lee
Alexander Carter,Security,Security Coordinator,SF,Elena Gomez
Scarlett Nguyen,HR,HR Partner,Remote,Daniela Ruiz
Sebastian Davis,Support,Support Director,Chicago,Maya Clark
Grace Martin,Data,Data Engineer,Austin,Ken Adams
Jack Clark,Product,Product Analyst,Denver,Ava Brooks
Chloe King,Sales,Sales Manager,Boston,Susan Park
Owen Green,Design,Design Lead,Seattle,Noah Kim
Riley Mitchell,Legal,Legal Specialist,Miami,Samira Khan
Wyatt Garcia,Finance,Finance Coordinator,London,Ivy Chen
Zoey Martinez,IT,IT Partner,NYC,Jordan Lee
Luke Jackson,Platform,Platform Director,SF,Elena Gomez
Nora Sanchez,Security,Security Engineer,Remote,Daniela Ruiz
Jayden Allen,HR,HR Analyst,Chicago,Maya Clark
Hazel Flores,Support,Support Manager,Austin,Ken Adams
Levi Campbell,Data,Data Lead,Denver,Ava Brooks
Aurora Singh,Product,Product Specialist,Boston,Susan Park
Isaac Johnson,Sales,Sales Coordinator,Seattle,Noah Kim
Lily Moore,Design,Design Partner,Miami,Samira Khan
Gabriel Harris,Legal,Legal Director,London,Ivy Chen
Violet Young,Finance,Finance Engineer,NYC,Jordan Lee
Julian Hill,IT,IT Analyst,SF,Elena Gomez
Penelope Rivera,Platform,Platform Manager,Remote,Daniela Ruiz
Mateo Chen,Security,Security Lead,Chicago,Maya Clark
Stella Williams,HR,HR Specialist,Austin,Ken Adams
David Thomas,Support,Support Coordinator,Denver,Ava Brooks
Ellie White,Data,Data Partner,Boston,Susan Park
Leo Walker,Product,Product Director,Seattle,Noah Kim
Hannah Ng,Sales,Sales Engineer,Miami,Samira Khan
Carter Hall,Design,Design Analyst,London,Ivy Chen
Ava Patel,Legal,Legal Manager,NYC,Jordan Lee
Liam Kim,Finance,Finance Lead,SF,Elena Gomez
Sophia Anderson,IT,IT Specialist,Remote,Daniela Ruiz
Noah Thompson,Platform,Platform Coordinator,Chicago,Maya Clark
Mia Robinson,Security,Security Partner,Austin,Ken Adams
Ethan Torres,HR,HR Director,Denver,Ava Brooks
Isabella Baker,Support,Support Engineer,Boston,Susan Park
Lucas Gomez,Data,Data Analyst,Seattle,Noah Kim
Amelia Lopez,Product,Product Manager,Miami,Samira Khan
Mason Taylor,Sales,Sales Lead,London,Ivy Chen
Harper Perez,Design,Design Specialist,NYC,Jordan Lee
Logan Lewis,Legal,Legal Coordinator,SF,Elena Gomez
Evelyn Scott,Finance,Finance Partner,Remote,Daniela Ruiz
Elijah Nelson,IT,IT Director,Chicago,Maya Clark
Charlotte Roberts,Platform,Platform Engineer,Austin,Ken Adams
James Brown,Security,Security Analyst,Denver,Ava Brooks
Luna Hernandez,HR,HR Manager,Boston,Susan Park
Benjamin Lee,Support,Support Lead,Seattle,Noah Kim
Aria Ramirez,Data,Data Specialist,Miami,Samira Khan
Henry Wright,Product,Product Coordinator,London,Ivy Chen
Ella Adams,Sales,Sales Partner,NYC,Jordan Lee
Alexander Carter,Design,Design Director,SF,Elena Gomez
Scarlett Nguyen,Legal,Legal Engineer,Remote,Daniela Ruiz
Sebastian Davis,Finance,Finance Analyst,Chicago,Maya Clark
Grace Martin,IT,IT Manager,Austin,Ken Adams
Jack Clark,Platform,Platform Lead,Denver,Ava Brooks
Chloe King,Security,Security Specialist,Boston,Susan Park
Owen Green,HR,HR Coordinator,Seattle,Noah Kim
Riley Mitchell,Support,Support Partner,Miami,Samira Khan
Wyatt Garcia,Data,Data Director,London,Ivy Chen
Zoey Martinez,Product,Product Engineer,NYC,Jordan Lee
Luke Jackson,Sales,Sales Analyst,SF,Elena Gomez
Nora Sanchez,Design,Design Manager,Remote,Daniela Ruiz
Jayden Allen,Legal,Legal Lead,Chicago,Maya Clark
Hazel Flores,Finance,Finance Specialist,Austin,Ken Adams
Levi Campbell,IT,IT Coordinator,Denver,Ava Brooks
Aurora Singh,Platform,Platform Partner,Boston,Susan Park
Isaac Johnson,Security,Security Director,Seattle,Noah Kim
Lily Moore,HR,HR Engineer,Miami,Samira Khan
Gabriel Harris,Support,Support Analyst,London,Ivy Chen
Violet Young,Data,Data Manager,NYC,Jordan Lee
Julian Hill,Product,Product Lead,SF,Elena Gomez
Penelope Rivera,Sales,Sales Specialist,Remote,Daniela Ruiz
Mateo Chen,Design,Design Coordinator,Chicago,Maya Clark
Stella Williams,Legal,Legal Partner,Austin,Ken Adams
David Thomas,Finance,Finance Director,Denver,Ava Brooks
Ellie White,IT,IT Engineer,Boston,Susan Park
Leo Walker,Platform,Platform Analyst,Seattle,Noah Kim
Hannah Ng,Security,Security Manager,Miami,Samira Khan
Carter Hall,HR,HR Lead,London,Ivy Chen
Ava Patel,Support,Support Specialist,NYC,Jordan Lee
Liam Kim,Data,Data Coordinator,SF,Elena Gomez
Sophia Anderson,Product,Product Partner,Remote,Daniela Ruiz
Noah Thompson,Sales,Sales Director,Chicago,Maya Clark
Mia Robinson,Design,Design Engineer,Austin,Ken Adams
Ethan Torres,Legal,Legal Analyst,Denver,Ava Brooks
Isabella Baker,Finance,Finance Manager,Boston,Susan Park
Lucas Gomez,IT,IT Lead,Seattle,Noah Kim
Amelia Lopez,Platform,Platform Specialist,Miami,Samira Khan
Mason Taylor,Security,Security Coordinator,London,Ivy Chen
Harper Perez,HR,HR Partner,NYC,Jordan Lee
Logan Lewis,Support,Support Director,SF,Elena Gomez
Evelyn Scott,Data,Data Engineer,Remote,Daniela Ruiz
Elijah Nelson,Product,Product Analyst,Chicago,Maya Clark
Charlotte Roberts,Sales,Sales Manager,Austin,Ken Adams
James Brown,Design,Design Lead,Denver,Ava Brooks
Luna Hernandez,Legal,Legal Specialist,Boston,Susan Park
Benjamin Lee,Finance,Finance Coordinator,Seattle,Noah Kim
Aria Ramirez,IT,IT Partner,Miami,Samira Khan
Henry Wright,Platform,Platform Director,London,Ivy Chen
